{"r2": 0.5460376027444733, "mae": 34.40363172159651, "feature_importance": {"_type": "image-file", "sha256": "2ce2968ec6fdab01bf73cfb3afc3db4211d4b699a5c3b4ed925fd79114943469", "size": 33315, "path": "media/images/feature_importance_0_2ce2968ec6fdab01bf73.png", "format": "png", "width": 1000, "height": 1000}, "_timestamp": 1679537901.4318368, "_runtime": 6.053956747055054, "_step": 0, "_wandb": {"runtime": 5}}