{"r2": 0.5519152667668663, "mae": 34.12760059704365, "feature_importance": {"_type": "image-file", "sha256": "ef69b2d29e755ebbe46f96fa4908a5db8df10953bf3a43f4801704d1d873af13", "size": 33309, "path": "media/images/feature_importance_0_ef69b2d29e755ebbe46f.png", "format": "png", "width": 1000, "height": 1000}, "_timestamp": 1679537473.0815232, "_runtime": 5.99754524230957, "_step": 0, "_wandb": {"runtime": 5}}