{"r2": 0.550075980783665, "mae": 34.196322144888455, "feature_importance": {"_type": "image-file", "sha256": "9d743e1d875eefc8dd99997d735b7a85385cfa98fad2e06eeaafc3f3cb9b4588", "size": 33304, "path": "media/images/feature_importance_0_9d743e1d875eefc8dd99.png", "format": "png", "width": 1000, "height": 1000}, "_timestamp": 1679538077.7306473, "_runtime": 5.010042428970337, "_step": 0, "_wandb": {"runtime": 4}}