{"r2": 0.5456126597490436, "mae": 34.431949196557326, "feature_importance": {"_type": "image-file", "sha256": "d3fb109c7bb48f92ce06c2c95e7d9ea2d0f46eaa53060dc8920807693a73776f", "size": 33850, "path": "media/images/feature_importance_0_d3fb109c7bb48f92ce06.png", "format": "png", "width": 1000, "height": 1000}, "_timestamp": 1679537862.7430358, "_runtime": 5.191756725311279, "_step": 0, "_wandb": {"runtime": 4}}