{"r2": 0.5506161616124368, "mae": 34.184256029779775, "feature_importance": {"_type": "image-file", "sha256": "38137d4e4b49b01d54f878579d1192b9e0f5dcd72ea67c2ec91838f05a1a5aae", "size": 33310, "path": "media/images/feature_importance_0_38137d4e4b49b01d54f8.png", "format": "png", "width": 1000, "height": 1000}, "_timestamp": 1679538104.727807, "_runtime": 5.4868080615997314, "_step": 0, "_wandb": {"runtime": 5}}