{"r2": 0.546276374972624, "mae": 34.404576149502475, "feature_importance": {"_type": "image-file", "sha256": "d6ebf28eb144f96b75a6e0b3caa49299bbf0dd83ff905c1970bd5da51df566f2", "size": 33317, "path": "media/images/feature_importance_0_d6ebf28eb144f96b75a6.png", "format": "png", "width": 1000, "height": 1000}, "_timestamp": 1679537880.6691456, "_runtime": 5.298520565032959, "_step": 0, "_wandb": {"runtime": 4}}