{"r2": 0.5508957032036341, "mae": 34.155728392960896, "feature_importance": {"_type": "image-file", "sha256": "a0ed8bf1eac280e38c387f3cc5f9934bf932f3418bfe062a28aa815c669b9040", "size": 33312, "path": "media/images/feature_importance_0_a0ed8bf1eac280e38c38.png", "format": "png", "width": 1000, "height": 1000}, "_timestamp": 1679538001.273776, "_runtime": 6.871751070022583, "_step": 0, "_wandb": {"runtime": 6}}